{"train_loss": 0.34167580526383196, "train_acc": 87.7625512295082, "train_f1": 0.861853990544792, "test_loss": 0.7809492902057927, "test_acc": 0.7894837843024372, "test_f1": 0.763092995313646, "_runtime": 1654, "_timestamp": 1638247277, "_step": 18}